step,critic_loss,actor_loss,alpha_loss,alpha,q,entropy,critic_grad_norm,actor_grad_norm
10000,2.1895275115966797,-0.7345885038375854,-43.88025665283203,0.09997999668121338,0.028893064707517624,7.0569539070129395,5.267457962036133,0.5918763279914856
15000,11.668685913085938,-67.13208770751953,12.789995193481445,0.0696604996919632,68.30229949951172,-16.800628662109375,71.9878158569336,1.342750072479248
10000,2.1895275115966797,-0.7345885038375854,-43.88025665283203,0.09997999668121338,0.028893064707517624,7.0569539070129395,5.267457962036133,0.5918763279914856
10000,1.9905182123184204,-0.7346859574317932,-43.88072204589844,0.09997999668121338,0.0289705079048872,7.057154655456543,5.0436110496521,0.5915242433547974
10000,2.0635201930999756,-0.7346316576004028,-43.88009262084961,0.09997999668121338,0.02894345112144947,7.056881904602051,5.140533924102783,0.5918611884117126
10000,1.8037997484207153,-0.7340891361236572,-43.880462646484375,0.09997999668121338,0.02838483825325966,7.057043552398682,4.86297082901001,0.5907891988754272
10000,1.7759612798690796,-0.7338424921035767,-43.880516052246094,0.09997999668121338,0.028135988861322403,7.057065010070801,4.828742504119873,0.5909863710403442
10000,1.7759612798690796,-0.7338424921035767,-43.880516052246094,0.09997999668121338,0.028135988861322403,7.057065010070801,4.828742504119873,0.5909863710403442
15000,4.0803728103637695,-44.48777770996094,-15.78580379486084,0.05138913542032242,44.831180572509766,-6.68173885345459,34.10980224609375,0.9175713062286377
10000,1.7759612798690796,-0.7338424921035767,-43.880516052246094,0.09997999668121338,0.028135988861322403,7.057065010070801,4.828742504119873,0.5909863710403442
10000,1.7750439643859863,-0.733852207660675,-43.88050842285156,0.09997999668121338,0.02814607322216034,7.057061195373535,4.826757907867432,0.5909908413887024
10000,1.6861965656280518,-0.7368822693824768,-43.88066482543945,0.09997999668121338,0.031169237568974495,7.057130336761475,4.717833995819092,0.5954693555831909
10000,1.7432959079742432,-0.735321044921875,-43.880897521972656,0.09997999668121338,0.02959783375263214,7.057231426239014,4.789381980895996,0.5944844484329224
15000,0.2849205434322357,-54.61018753051758,10.950602531433105,0.05382395535707474,55.45770263671875,-15.747474670410156,21.13836669921875,0.6223188638687134
20000,2.501948356628418,-147.90072631835938,1.1672439575195312,0.09484034776687622,149.08572387695312,-12.495512008666992,135.67420959472656,1.260438084602356
25000,10.05284309387207,-220.06320190429688,1.718418002128601,0.12433672696352005,221.65762329101562,-12.824249267578125,258.6600036621094,1.612060546875
30000,96.6663818359375,-303.888427734375,-0.8625242710113525,0.15142253041267395,305.6366271972656,-11.543034553527832,409.8674011230469,2.365692615509033
35000,596.6656494140625,-405.094970703125,-1.7756226062774658,0.1748656928539276,407.0157470703125,-10.981574058532715,1061.5465087890625,3.1596150398254395
40000,19.279054641723633,-486.045166015625,0.009134940803050995,0.16072866320610046,487.974609375,-12.004996299743652,1047.047607421875,2.9905037879943848
45000,17.241920471191406,-545.26953125,0.5025310516357422,0.15513645112514496,547.173095703125,-12.269684791564941,214.94570922851562,2.6733546257019043
50000,127.61430358886719,-601.63525390625,-0.8123747110366821,0.16219858825206757,603.5093994140625,-11.553346633911133,3133.88671875,3.344191789627075
55000,1166.4688720703125,-671.880126953125,1.727095127105713,0.18910643458366394,674.345458984375,-13.037010192871094,3071.3095703125,3.9892325401306152
60000,55.08312225341797,-730.0626220703125,-1.0641971826553345,0.1810394674539566,732.1222534179688,-11.37732982635498,1641.8724365234375,4.457839488983154
65000,114.78529357910156,-783.2926635742188,-0.5534057021141052,0.18395057320594788,785.4396362304688,-11.673166275024414,2947.17333984375,4.3776068687438965
70000,95.70059204101562,-841.4263305664062,-0.26024046540260315,0.19684940576553345,843.7567749023438,-11.839893341064453,1477.7515869140625,4.663856029510498
75000,351.214599609375,-904.1966552734375,0.09793850034475327,0.21273519098758698,906.7631225585938,-12.063282012939453,8050.2900390625,5.153863906860352
80000,2395.261474609375,-975.628662109375,1.1554826498031616,0.23097121715545654,978.5821533203125,-12.78842544555664,2786.221923828125,5.341775894165039
85000,156.17123413085938,-1058.506103515625,0.2684880793094635,0.2525634169578552,1061.586181640625,-12.195107460021973,2595.7138671875,19.226381301879883
90000,4581.154296875,-1135.15576171875,-0.16273802518844604,0.25392356514930725,1138.1729736328125,-11.881263732910156,6340.42041015625,5.658973217010498
95000,129.82882690429688,-1204.530517578125,-1.2219607830047607,0.26182880997657776,1207.434326171875,-11.088018417358398,3853.13916015625,5.773011207580566
100000,135.82080078125,-1249.701171875,-1.1660810708999634,0.25326448678970337,1252.525634765625,-11.150825500488281,5932.43310546875,6.306654930114746
105000,362.8170166015625,-1290.184814453125,0.9453229308128357,0.24555471539497375,1293.296630859375,-12.673151016235352,10765.37109375,6.542548656463623
110000,208.53367614746094,-1319.955078125,2.046226978302002,0.2555432915687561,1323.403076171875,-13.499214172363281,5102.5537109375,8.297590255737305
115000,10968.876953125,-1346.356201171875,0.38567590713500977,0.2703700661659241,1349.6796875,-12.294828414916992,10417.34375,6.329641819000244
10000,1.664931058883667,-0.733844518661499,-43.88214111328125,0.09997999668121338,0.028067484498023987,7.057770729064941,4.695980548858643,0.5984723567962646
10000,1.7390565872192383,-0.7346464991569519,-43.881446838378906,0.09997999668121338,0.02889939211308956,7.05747127532959,4.783360004425049,0.5947748422622681
15000,0.1311996430158615,-42.38768005371094,-30.648685455322266,0.04359987750649452,42.48431396484375,-2.2160587310791016,5.587400913238525,0.5088707804679871
20000,0.2322557121515274,-71.82989501953125,-3.6768007278442383,0.031854093074798584,72.17816162109375,-10.933199882507324,31.716838836669922,0.4562532901763916
25000,0.23574592173099518,-92.16859436035156,0.20575982332229614,0.03016815334558487,92.53239440917969,-12.058772087097168,14.125160217285156,0.5434205532073975
30000,0.24577480554580688,-106.5530014038086,2.824455738067627,0.027054373174905777,106.89884948730469,-12.782432556152344,28.852275848388672,0.4679467976093292
35000,0.6400594115257263,-116.40240478515625,-0.07232388854026794,0.023651782423257828,116.68577575683594,-11.980684280395508,150.7467803955078,0.5389527082443237
40000,0.30042916536331177,-124.72003173828125,-0.9481554627418518,0.022458946332335472,124.98397064208984,-11.75021743774414,57.1456413269043,0.5022416710853577
45000,0.38341790437698364,-131.4936981201172,-4.046917915344238,0.020923051983118057,131.722900390625,-10.953418731689453,107.50843811035156,0.40896227955818176
50000,0.2703133225440979,-135.9384765625,-3.3961386680603027,0.01815897598862648,136.14105224609375,-11.152730941772461,30.37561798095703,0.42928215861320496
55000,0.23617282509803772,-139.4579620361328,-1.8509163856506348,0.01804862730205059,139.666259765625,-11.53895092010498,18.08210563659668,0.44826334714889526
60000,0.1955651342868805,-141.29696655273438,-1.4399930238723755,0.016360178589820862,141.48756408691406,-11.649883270263672,40.10029220581055,0.41906869411468506
65000,0.22407063841819763,-141.93292236328125,-1.3156182765960693,0.014360166154801846,142.10079956054688,-11.689948081970215,50.38442611694336,0.3505555987358093
70000,0.35761207342147827,-142.98226928710938,-0.7084970474243164,0.013617876917123795,143.1434326171875,-11.835094451904297,121.59453582763672,0.39343875646591187
75000,0.3059506416320801,-142.27398681640625,0.2155730128288269,0.012651067227125168,142.42642211914062,-12.04932975769043,82.22013092041016,0.41666296124458313
80000,0.4627622067928314,-142.45114135742188,-0.46085917949676514,0.011977910064160824,142.59365844726562,-11.895841598510742,129.60177612304688,0.3668058216571808
85000,0.5315448045730591,-142.8308868408203,-1.887563705444336,0.011764565482735634,142.96707153320312,-11.57512378692627,124.670654296875,0.39418062567710876
90000,0.4903968274593353,-142.4644775390625,2.7973077297210693,0.011078494600951672,142.6042938232422,-12.621234893798828,40.90435791015625,0.3257681727409363
95000,0.23564299941062927,-142.7088165283203,-1.2453539371490479,0.010594709776341915,142.83303833007812,-11.726143836975098,71.55111694335938,0.34285029768943787
100000,0.20666104555130005,-143.7830810546875,0.6857025623321533,0.010446191765367985,143.91000366210938,-12.150321960449219,63.77762985229492,0.28691360354423523
105000,0.23399358987808228,-144.67105102539062,-1.6944856643676758,0.010099776089191437,144.78851318359375,-11.631254196166992,77.60626983642578,0.2751564383506775
110000,0.2843267619609833,-145.9851531982422,-0.33680057525634766,0.00974293239414692,146.10137939453125,-11.927274703979492,54.28419494628906,0.26948389410972595
115000,0.21765846014022827,-147.0386962890625,0.8656823635101318,0.009566394612193108,147.15525817871094,-12.186184883117676,65.6355209350586,0.34585925936698914
120000,0.6586445569992065,-148.38970947265625,0.33988645672798157,0.009503718465566635,148.50445556640625,-12.072999954223633,197.4338836669922,0.33757951855659485
125000,0.275460422039032,-151.43048095703125,-3.487833023071289,0.009209931828081608,151.53414916992188,-11.255931854248047,80.53734588623047,0.3428276777267456
130000,0.34170621633529663,-153.35403442382812,2.811553478240967,0.009043440222740173,153.46795654296875,-12.597471237182617,119.00141906738281,0.39209237694740295
135000,0.2925623655319214,-156.74630737304688,0.8989179134368896,0.00890483520925045,156.8548583984375,-12.190400123596191,33.2613639831543,0.2927386164665222
140000,0.28906679153442383,-159.80831909179688,-2.997077465057373,0.008776092901825905,159.9080810546875,-11.367119789123535,34.03633499145508,0.29447484016418457
145000,0.19335123896598816,-162.25164794921875,1.1730053424835205,0.00860331580042839,162.35699462890625,-12.24665641784668,68.17073059082031,0.29880309104919434
160000,0.1057472974061966,-169.61651611328125,-2.854123592376709,0.005102234892547131,169.6749725341797,-11.459245681762695,75.49895477294922,0.3463369309902191
165000,0.34774354100227356,-175.0338134765625,-1.8514201641082764,0.006748010870069265,175.1123046875,-11.629598617553711,172.39051818847656,0.26844170689582825
170000,1.0893582105636597,-179.83380126953125,2.1938822269439697,0.0069847009144723415,179.92071533203125,-12.441963195800781,167.682861328125,2.890982151031494
175000,0.4738485515117645,-184.4862060546875,0.21134817600250244,0.008073296397924423,184.58343505859375,-12.043855667114258,208.22216796875,0.5820692777633667
180000,0.18125736713409424,-189.43939208984375,2.835293769836426,0.007677783723920584,189.53598022460938,-12.582252502441406,84.21168518066406,0.5497696399688721
185000,0.17564351856708527,-192.64236450195312,-1.1440706253051758,0.006704292725771666,192.7212677001953,-11.771418571472168,97.0321273803711,0.3047800064086914
190000,0.2012937217950821,-194.1089324951172,-1.3180432319641113,0.006687329150736332,194.18743896484375,-11.73678207397461,65.28024291992188,0.5441946387290955
195000,0.4126383364200592,-196.0512237548828,-1.7016332149505615,0.006485690362751484,196.12686157226562,-11.662256240844727,201.60975646972656,0.47527047991752625
200000,0.2670156955718994,-197.8345947265625,2.757615566253662,0.0059259021654725075,197.90890502929688,-12.537704467773438,152.18038940429688,0.6980347633361816
205000,0.25691211223602295,-199.468994140625,-1.0448036193847656,0.006050585303455591,199.5403594970703,-11.795437812805176,126.17132568359375,0.3203446567058563
210000,0.11532390117645264,-200.6754150390625,-0.8766947984695435,0.006353443954139948,200.75054931640625,-11.826698303222656,45.419891357421875,0.2828759253025055
215000,0.6894412636756897,-201.2891387939453,3.3821115493774414,0.005658754147589207,201.36074829101562,-12.653608322143555,269.7037048339844,0.3758387267589569
220000,0.15977084636688232,-202.38375854492188,-5.074811935424805,0.005891343578696251,202.44863891601562,-11.011597633361816,106.2582015991211,0.6164970993995667
225000,0.11418534070253372,-203.3006134033203,0.162581205368042,0.0057066865265369415,203.36927795410156,-12.03147029876709,69.85179138183594,0.38372543454170227
230000,0.1277015209197998,-203.8261260986328,-1.4264665842056274,0.005289232358336449,203.88818359375,-11.72787094116211,70.32601928710938,0.9891252517700195
235000,0.12956692278385162,-204.1900634765625,-0.7661075592041016,0.004950616043061018,204.2487335205078,-11.85567855834961,88.95620727539062,0.42517003417015076
240000,0.12803834676742554,-204.76600646972656,3.378629207611084,0.004875151440501213,204.82760620117188,-12.634639739990234,90.3450927734375,0.21501915156841278
245000,0.24911576509475708,-205.20571899414062,2.78023362159729,0.005221915896981955,205.27113342285156,-12.529056549072266,149.71820068359375,0.774526059627533
250000,0.12876759469509125,-205.39749145507812,1.5536020994186401,0.004655153024941683,205.45468139648438,-12.289321899414062,89.30106353759766,0.6462114453315735
255000,0.16572274267673492,-205.96705627441406,-0.4447650909423828,0.004432509653270245,206.0198974609375,-11.91792106628418,117.42591857910156,0.42919960618019104
260000,0.10028179734945297,-206.19273376464844,7.563478469848633,0.004460071679204702,206.25250244140625,-13.397358894348145,70.52059173583984,0.2696327865123749
265000,0.3622540235519409,-206.15110778808594,-3.7215490341186523,0.004278378561139107,206.19952392578125,-11.31767749786377,129.0192413330078,2.5444977283477783
270000,0.17772123217582703,-206.02493286132812,1.7490267753601074,0.004199420101940632,206.07666015625,-12.319579124450684,122.47188568115234,0.4117196798324585
275000,0.10625968873500824,-206.62533569335938,0.7281007766723633,0.004068244248628616,206.67469787597656,-12.132270812988281,78.66062927246094,0.5619133710861206
280000,0.10776245594024658,-206.64981079101562,-4.097228527069092,0.003914991859346628,206.69390869140625,-11.260819435119629,79.41893768310547,0.33819741010665894
285000,0.6546904444694519,-206.9410858154297,3.4062652587890625,0.0038496595807373524,206.98963928222656,-12.612653732299805,215.7172393798828,3.747187852859497
290000,0.9305343627929688,-206.35116577148438,-7.674493789672852,0.0038502521347254515,206.3920440673828,-10.619548797607422,68.7305908203125,0.9564980268478394
295000,0.08415534347295761,-207.03565979003906,-6.075625419616699,0.003363368334248662,207.0724334716797,-10.933136940002441,69.14533233642578,0.24712079763412476
300000,0.08013741672039032,-206.9965362548828,-1.888916254043579,0.003169358242303133,207.03353881835938,-11.671734809875488,65.06918334960938,0.27417317032814026
305000,0.10060690343379974,-207.388671875,0.19293475151062012,0.003511162009090185,207.43092346191406,-12.034136772155762,78.89705657958984,0.6012589335441589
310000,0.482358455657959,-207.38958740234375,5.399807929992676,0.004026064183562994,207.44183349609375,-12.979110717773438,233.1751251220703,0.5035474896430969
315000,0.10623844712972641,-208.34954833984375,2.534869432449341,0.003957679960876703,208.39886474609375,-12.458209037780762,59.9210319519043,0.2541590929031372
320000,0.32697439193725586,-209.06094360351562,-2.1213417053222656,0.0035266256891191006,209.10194396972656,-11.624366760253906,99.0273666381836,1.4910595417022705
325000,0.08208479732275009,-209.5247039794922,1.9775375127792358,0.0032224198803305626,209.56448364257812,-12.344654083251953,71.5666732788086,0.578520655632019
330000,0.0852283239364624,-209.5379638671875,3.6406002044677734,0.0033261498901993036,209.57998657226562,-12.638032913208008,70.94860076904297,0.5590226650238037
350000,0.10536706447601318,-209.0470733642578,-3.2526423931121826,0.006446824874728918,209.1202850341797,-11.355159759521484,78.71568298339844,0.431454062461853
310000,3.285900115966797,-206.95697021484375,128.51351928710938,0.003170659765601158,207.0657958984375,-34.333763122558594,602.6656494140625,1.415363073348999
310000,3.156855821609497,-206.8272247314453,150.4662322998047,0.0031707759480923414,206.9481201171875,-38.14882278442383,604.866943359375,1.6713625192642212
315000,0.259318470954895,-200.59747314453125,32.41472625732422,0.008855761960148811,200.7644500732422,-18.857603073120117,153.2305450439453,0.34759554266929626
320000,0.17855393886566162,-197.79241943359375,-1.641324520111084,0.012529329396784306,197.9380645751953,-11.62524127960205,107.36141967773438,0.3203189969062805
325000,0.22520729899406433,-198.29150390625,-2.6336777210235596,0.013053756207227707,198.44024658203125,-11.39295768737793,89.98361206054688,0.31841880083084106
330000,0.1634947508573532,-196.66629028320312,-1.6220548152923584,0.011837448924779892,196.80401611328125,-11.634382247924805,87.33042907714844,0.3201309144496918
335000,0.269477516412735,-196.32659912109375,-1.754542589187622,0.011775953695178032,196.46327209472656,-11.604975700378418,134.21212768554688,0.3801766037940979
340000,0.25392377376556396,-194.8708038330078,-2.522627830505371,0.012120014987885952,195.0093231201172,-11.428342819213867,116.55047607421875,0.36259782314300537
345000,0.2350236475467682,-195.0602569580078,2.3307809829711914,0.012520371936261654,195.21713256835938,-12.532073974609375,80.64154052734375,0.36589765548706055
350000,0.3434182405471802,-195.6783447265625,-2.3249428272247314,0.012499481439590454,195.82171630859375,-11.469420433044434,84.62562561035156,0.4196034371852875
355000,0.30127793550491333,-196.552001953125,0.830780565738678,0.012005964294075966,196.69834899902344,-12.187862396240234,84.59148406982422,0.3966471254825592
360000,0.3241010308265686,-195.77505493164062,1.8478032350540161,0.011856836266815662,195.92225646972656,-12.416645050048828,67.65867614746094,0.3831677734851837
310000,3.156855821609497,-206.8272247314453,150.4662322998047,0.0031707759480923414,206.9481201171875,-38.14882278442383,604.866943359375,1.6713625192642212
315000,0.259318470954895,-200.59747314453125,32.41472625732422,0.008855761960148811,200.7644500732422,-18.857603073120117,153.2305450439453,0.34759554266929626
320000,0.17855393886566162,-197.79241943359375,-1.641324520111084,0.012529329396784306,197.9380645751953,-11.62524127960205,107.36141967773438,0.3203189969062805
325000,0.22520729899406433,-198.29150390625,-2.6336777210235596,0.013053756207227707,198.44024658203125,-11.39295768737793,89.98361206054688,0.31841880083084106
330000,0.1634947508573532,-196.66629028320312,-1.6220548152923584,0.011837448924779892,196.80401611328125,-11.634382247924805,87.33042907714844,0.3201309144496918
335000,0.269477516412735,-196.32659912109375,-1.754542589187622,0.011775953695178032,196.46327209472656,-11.604975700378418,134.21212768554688,0.3801766037940979
340000,0.25392377376556396,-194.8708038330078,-2.522627830505371,0.012120014987885952,195.0093231201172,-11.428342819213867,116.55047607421875,0.36259782314300537
345000,0.2350236475467682,-195.0602569580078,2.3307809829711914,0.012520371936261654,195.21713256835938,-12.532073974609375,80.64154052734375,0.36589765548706055
350000,0.3434182405471802,-195.6783447265625,-2.3249428272247314,0.012499481439590454,195.82171630859375,-11.469420433044434,84.62562561035156,0.4196034371852875
355000,0.30127793550491333,-196.552001953125,0.830780565738678,0.012005964294075966,196.69834899902344,-12.187862396240234,84.59148406982422,0.3966471254825592
360000,0.3241010308265686,-195.77505493164062,1.8478032350540161,0.011856836266815662,195.92225646972656,-12.416645050048828,67.65867614746094,0.3831677734851837
365000,0.5085034966468811,-196.209716796875,2.474569797515869,0.011795645579695702,196.35781860351562,-12.557321548461914,127.21392059326172,0.6339311599731445
370000,0.35733646154403687,-198.72084045410156,0.14110803604125977,0.011799375526607037,198.86280822753906,-12.031784057617188,108.1802749633789,0.3895765244960785
375000,0.40181344747543335,-197.5584716796875,-4.997320175170898,0.011730093508958817,197.68606567382812,-10.875843048095703,132.80404663085938,0.387794554233551
380000,0.6126783490180969,-197.64971923828125,0.23432505130767822,0.011752903461456299,197.7913818359375,-12.052733421325684,221.2554168701172,0.37706422805786133
385000,0.320598840713501,-198.62179565429688,-0.30406761169433594,0.01187241729348898,198.76345825195312,-11.931417465209961,48.76316452026367,0.39901047945022583
390000,1.0556848049163818,-202.17848205566406,-4.074950695037842,0.011072437278926373,202.3013458251953,-11.095099449157715,316.519287109375,0.46913403272628784
395000,0.35936439037323,-202.99240112304688,0.21030163764953613,0.010921216569840908,203.12396240234375,-12.046557426452637,99.3646011352539,0.37169408798217773
400000,0.3893114924430847,-202.55311584472656,0.32870495319366455,0.010618120431900024,202.6813201904297,-12.072320938110352,119.03754425048828,0.37034621834754944
405000,0.34955018758773804,-202.68093872070312,0.2704567313194275,0.010815336368978024,202.8114013671875,-12.059745788574219,78.86589813232422,0.5783796310424805
410000,0.8007572889328003,-202.85671997070312,4.091461658477783,0.010410270653665066,202.990966796875,-12.896257400512695,101.14064025878906,0.48217034339904785
415000,0.31843382120132446,-202.76690673828125,1.3978426456451416,0.010052905417978764,202.89059448242188,-12.303885459899902,25.224103927612305,0.4191049039363861
420000,0.3520180881023407,-203.8878173828125,-1.9419790506362915,0.009717357344925404,204.0003662109375,-11.580900192260742,86.71367645263672,0.500039279460907
425000,0.39199957251548767,-204.5960693359375,-1.1940081119537354,0.00950927659869194,204.70774841308594,-11.743529319763184,83.30122375488281,0.4179607927799225
430000,0.5528927445411682,-203.50729370117188,2.9741621017456055,0.009297790005803108,203.62477111816406,-12.635766983032227,172.68951416015625,0.6654871106147766
435000,0.47826483845710754,-204.31930541992188,0.2650493383407593,0.009250961244106293,204.4308319091797,-12.056596755981445,97.47887420654297,0.45709866285324097
440000,0.39596423506736755,-203.49081420898438,2.9135165214538574,0.00898434966802597,203.6041717529297,-12.618265151977539,132.7665252685547,0.5488516688346863
445000,0.3199501037597656,-204.27381896972656,0.8390952348709106,0.009046602062880993,204.3839874267578,-12.178325653076172,112.62521362304688,0.3696731925010681
450000,0.33967745304107666,-204.9451446533203,-0.11993333697319031,0.008824290707707405,205.0508270263672,-11.974645614624023,91.04578399658203,0.4869302809238434
455000,0.39833706617355347,-204.38528442382812,-0.543735146522522,0.008692123927175999,204.48858642578125,-11.885414123535156,77.79094696044922,0.5763884782791138
460000,0.3044540286064148,-205.0946502685547,0.3853028118610382,0.008680691942572594,205.19952392578125,-12.081171989440918,64.91378784179688,0.30668357014656067
465000,0.31114181876182556,-204.86257934570312,4.079687595367432,0.008428002707660198,204.97091674804688,-12.854170799255371,62.47384262084961,0.43641772866249084
470000,0.2907036542892456,-205.73768615722656,-0.0006622076034545898,0.008138793520629406,205.8353271484375,-11.999862670898438,68.21043395996094,0.6219732761383057
475000,0.5907343626022339,-204.68881225585938,0.9275321960449219,0.008069783449172974,204.78721618652344,-12.192447662353516,160.80130004882812,0.9669014811515808
480000,0.3940083980560303,-205.61578369140625,-3.3018996715545654,0.008055530488491058,205.7069549560547,-11.315134048461914,106.05995178222656,0.5631822943687439
485000,0.32950857281684875,-205.74691772460938,-5.198791027069092,0.007748191710561514,205.83163452148438,-10.9302978515625,97.13549041748047,0.2958754599094391
490000,0.44108814001083374,-205.77896118164062,2.0042340755462646,0.0076361061073839664,205.87371826171875,-12.411121368408203,46.61046600341797,0.31500476598739624
495000,0.42964503169059753,-205.38063049316406,-2.2085673809051514,0.007613343186676502,205.46853637695312,-11.547212600708008,100.16597747802734,0.6233933568000793
500000,0.4935002624988556,-205.6907958984375,0.6548223495483398,0.007644161116331816,205.78353881835938,-12.134353637695312,166.4651641845703,0.40604695677757263
505000,0.9192155003547668,-206.1616668701172,-0.3458303213119507,0.007477424573153257,206.2508544921875,-11.929363250732422,302.2098083496094,0.6519387364387512
510000,0.35436445474624634,-206.1533966064453,-0.34774458408355713,0.007292714901268482,206.2404022216797,-11.929332733154297,122.80133056640625,0.707298755645752
515000,0.2732585370540619,-204.83078002929688,-3.65608549118042,0.0070428429171442986,204.91009521484375,-11.262242317199707,44.55997848510742,0.444836288690567
520000,0.27663475275039673,-205.69476318359375,1.2213928699493408,0.007003673817962408,205.78053283691406,-12.246185302734375,66.67256927490234,0.5635743737220764
525000,0.7354036569595337,-205.43197631835938,-2.953662872314453,0.0069319382309913635,205.51104736328125,-11.405892372131348,239.99061584472656,0.6812785863876343
530000,0.2952803373336792,-205.0252685546875,3.2498955726623535,0.006758376490324736,205.11074829101562,-12.650368690490723,76.10459899902344,0.39455491304397583
10000,3.0284032821655273,-0.7366148233413696,-43.880859375,0.09997999668121338,0.030893169343471527,7.057216644287109,6.1832709312438965,0.5942928791046143
15000,0.22540634870529175,-44.10764694213867,-15.096895217895508,0.04465099796652794,44.42665100097656,-7.143832206726074,12.375786781311035,0.576172947883606
20000,0.42164984345436096,-86.590576171875,-0.9976766109466553,0.039489030838012695,87.05223083496094,-11.691293716430664,57.26462173461914,0.5921299457550049
25000,0.6949008703231812,-117.800537109375,1.527079701423645,0.04143792390823364,118.31771850585938,-12.479692459106445,129.68499755859375,0.5871999263763428
10000,3.02889084815979,-0.7366148233413696,-43.880859375,0.09997999668121338,0.030893169343471527,7.057216644287109,6.183862209320068,0.5942928791046143
15000,0.1626644730567932,-42.26143264770508,-21.36777114868164,0.04402808099985123,42.48853302001953,-5.157546520233154,10.548027038574219,0.37497660517692566
20000,0.3063938021659851,-82.21047973632812,2.3376407623291016,0.03910403326153755,82.70792388916016,-12.721148490905762,46.88258743286133,0.5208870768547058
25000,0.43625739216804504,-111.01930236816406,3.5955214500427246,0.03649652749300003,111.4968490600586,-13.086048126220703,38.5909309387207,0.5779622793197632
30000,0.5623403191566467,-132.95730590820312,3.7144224643707275,0.0329345241189003,133.3883056640625,-13.08819580078125,114.00279998779297,0.568896472454071
35000,0.4701501429080963,-149.8162841796875,1.0078657865524292,0.0325394831597805,150.21629333496094,-12.29423713684082,30.216888427734375,0.6785994172096252
40000,0.537800669670105,-163.44581604003906,2.185673475265503,0.02961219847202301,163.81954956054688,-12.62100601196289,49.49380874633789,0.6963855624198914
45000,0.41177576780319214,-173.52056884765625,-2.0709967613220215,0.026830410584807396,173.82720947265625,-11.42760181427002,63.636741638183594,0.6557027101516724
50000,0.420245498418808,-180.49984741210938,0.5144723057746887,0.0239262618124485,180.79025268554688,-12.137826919555664,67.69833374023438,0.5431153774261475
55000,0.4324689507484436,-183.50543212890625,-2.136141061782837,0.022309325635433197,183.76065063476562,-11.438251495361328,83.48271942138672,0.53119295835495
60000,0.6166402101516724,-186.70755004882812,-0.49094557762145996,0.02047625742852688,186.95069885253906,-11.87374210357666,165.0767822265625,0.5121580958366394
65000,0.5044724941253662,-186.69515991210938,0.9386508464813232,0.018879026174545288,186.92617797851562,-12.236452102661133,94.97248840332031,0.5488131642341614
70000,0.4523710608482361,-187.77420043945312,-0.32392239570617676,0.017930123955011368,187.9879150390625,-11.919447898864746,114.46266174316406,0.5064006447792053
75000,0.8698294162750244,-186.883544921875,1.3621758222579956,0.016606701537966728,187.08837890625,-12.332411766052246,217.2602996826172,0.5263176560401917
80000,0.5431259870529175,-187.33929443359375,-0.46954166889190674,0.01584661565721035,187.52764892578125,-11.886716842651367,126.31060791015625,0.5295936465263367
85000,0.6783974170684814,-185.7862548828125,0.5811893939971924,0.014735097996890545,185.965087890625,-12.137798309326172,152.74339294433594,0.5690915584564209
90000,0.4585839509963989,-184.01992797851562,3.9380807876586914,0.014203894883394241,184.20352172851562,-12.925682067871094,121.97047424316406,0.4088316559791565
95000,0.5206205248832703,-182.98385620117188,1.5393922328948975,0.013553567230701447,183.15133666992188,-12.357911109924316,132.72372436523438,0.35756823420524597
100000,0.44197818636894226,-181.28533935546875,-3.367516279220581,0.012978105805814266,181.4310302734375,-11.224853515625,100.73399353027344,0.3622932434082031
105000,0.37944015860557556,-179.99449157714844,2.382751941680908,0.01267943438142538,180.15354919433594,-12.545509338378906,90.06929779052734,0.3199010193347931
110000,0.6612290143966675,-177.42779541015625,-1.2486112117767334,0.011920703575015068,177.5675048828125,-11.718110084533691,163.57504272460938,0.4214582145214081
115000,0.4382113516330719,-176.47689819335938,2.8055355548858643,0.011823728680610657,176.62625122070312,-12.632206916809082,61.82020950317383,0.376791775226593
120000,0.5925105214118958,-175.786865234375,-2.1823654174804688,0.011079266667366028,175.9144744873047,-11.515308380126953,71.99623107910156,0.34407779574394226
125000,0.42024004459381104,-174.4541015625,-0.8024423718452454,0.011210346594452858,174.58660888671875,-11.821317672729492,67.74225616455078,0.3258841931819916
130000,0.422965943813324,-173.72647094726562,1.2499817609786987,0.010969520546495914,173.86111450195312,-12.276988983154297,73.87966918945312,0.40912380814552307
135000,0.6300475597381592,-172.93417358398438,-2.859348773956299,0.010586231015622616,173.0545654296875,-11.371321678161621,147.0272674560547,0.6159731149673462
140000,0.6115022301673889,-172.62399291992188,5.2623291015625,0.01079434622079134,172.76605224609375,-13.161968231201172,122.3595962524414,0.34662675857543945
145000,0.6379693746566772,-173.21510314941406,4.0252275466918945,0.010643040761351585,173.35220336914062,-12.886028289794922,99.63378143310547,0.4945019781589508
150000,0.4385998249053955,-174.47650146484375,6.413945198059082,0.010438668541610241,174.61642456054688,-13.405844688415527,117.9591293334961,0.3422643542289734
155000,0.7102162837982178,-174.63502502441406,-1.282322645187378,0.010369784198701382,174.7565460205078,-11.71933364868164,89.42129516601562,0.47266340255737305
160000,0.5851188898086548,-174.36288452148438,-2.426070213317871,0.009995456784963608,174.4775848388672,-11.473228454589844,67.14215850830078,0.45842716097831726
165000,0.5363513231277466,-175.44552612304688,0.8797991275787354,0.010243397206068039,175.57040405273438,-12.192048072814941,90.53873443603516,0.4407407343387604
170000,0.46750426292419434,-175.00082397460938,-0.29093700647354126,0.010091832838952541,175.1212921142578,-11.936697006225586,52.37046813964844,0.3734077513217926
175000,0.5436248779296875,-176.74525451660156,1.0843455791473389,0.009817020036280155,176.8653564453125,-12.234528541564941,49.3922004699707,0.3868282735347748
180000,1.018646001815796,-178.59136962890625,-2.3889505863189697,0.00960155576467514,178.70166015625,-11.485785484313965,253.44625854492188,0.4019608497619629
185000,0.5538700222969055,-178.42221069335938,-2.9936604499816895,0.009682373143732548,178.53216552734375,-11.354442596435547,120.08467864990234,0.4074973165988922
190000,0.6372978687286377,-180.5836181640625,1.072751760482788,0.00958616565912962,180.7008514404297,-12.23082447052002,143.85293579101562,0.45030128955841064
195000,0.4737025797367096,-182.1129150390625,-1.2743003368377686,0.00957711972296238,182.22525024414062,-11.725852966308594,61.668121337890625,0.4881843328475952
200000,0.6439406871795654,-182.82151794433594,-0.18786334991455078,0.009567649103701115,182.93594360351562,-11.959593772888184,106.97663879394531,0.4582352638244629
205000,1.1979718208312988,-183.86459350585938,-1.1525863409042358,0.009279935620725155,183.97364807128906,-11.753717422485352,212.50311279296875,0.7419419288635254
210000,0.6797763705253601,-185.45498657226562,4.460515022277832,0.00952932983636856,185.57847595214844,-12.958549499511719,57.25543212890625,0.556799054145813
215000,0.6091291308403015,-186.78799438476562,-5.7769060134887695,0.009517967700958252,186.890380859375,-10.758904457092285,107.78380584716797,0.4796360731124878
220000,0.5636606216430664,-186.39414978027344,-0.622624397277832,0.009599949233233929,186.50807189941406,-11.865983963012695,85.111083984375,0.4693107604980469
225000,1.1705963611602783,-187.1100616455078,4.475338935852051,0.009383426047861576,187.2316436767578,-12.958545684814453,99.79139709472656,0.695641815662384
230000,0.7547425627708435,-189.39614868164062,-2.309687376022339,0.009508541785180569,189.5055389404297,-11.503886222839355,185.85028076171875,0.5519917011260986
235000,0.5882251262664795,-187.8255615234375,-3.5795459747314453,0.009563211351633072,187.93295288085938,-11.230172157287598,113.3143310546875,0.6285027861595154
240000,0.642382800579071,-189.1560821533203,0.5645533204078674,0.009350387379527092,189.2694091796875,-12.120830535888672,142.58811950683594,0.41018810868263245
245000,0.6309729218482971,-189.63369750976562,1.5906352996826172,0.009061971679329872,189.74551391601562,-12.338178634643555,93.2866439819336,0.6962291598320007
250000,0.5746374130249023,-190.209228515625,1.7743349075317383,0.008963629603385925,190.3201904296875,-12.37635612487793,108.10475158691406,0.520560622215271
255000,0.9418149590492249,-191.4099884033203,-4.295943260192871,0.009028781205415726,191.51011657714844,-11.087364196777344,235.87986755371094,0.9846258759498596
260000,0.6542881727218628,-192.11184692382812,2.7538511753082275,0.008981441147625446,192.22486877441406,-12.58434009552002,76.9513931274414,0.5600116848945618
265000,0.6794266700744629,-194.06570434570312,-1.4990178346633911,0.009057655930519104,194.1715087890625,-11.681341171264648,66.3275146484375,0.6509678363800049
270000,0.8530399203300476,-195.1811981201172,0.008364498615264893,0.009041085839271545,195.2897186279297,-12.001777648925781,231.3753662109375,0.39192020893096924
275000,0.5516318678855896,-196.2330780029297,1.9896576404571533,0.008835419081151485,196.3428192138672,-12.420738220214844,73.15259552001953,0.4803076684474945
280000,0.5038926601409912,-197.39332580566406,-4.374203681945801,0.00868361908942461,197.4895477294922,-11.078370094299316,114.33172607421875,0.7003517746925354
285000,0.6398074626922607,-197.8147735595703,-2.795197010040283,0.008584649302065372,197.91275024414062,-11.412496566772461,83.0418472290039,0.5781407356262207
290000,0.564741849899292,-198.73391723632812,-1.2249404191970825,0.008334663696587086,198.83181762695312,-11.74412727355957,53.45653533935547,0.6174376010894775
295000,0.9038267135620117,-198.70748901367188,1.58555269241333,0.00824734102934599,198.80918884277344,-12.330470085144043,161.1022186279297,0.7270132303237915
300000,0.5167474150657654,-199.3643035888672,0.07630562782287598,0.008058778010308743,199.4611358642578,-12.015827178955078,80.719970703125,0.5416242480278015
305000,0.5170868635177612,-199.11488342285156,1.0147762298583984,0.008110233582556248,199.21389770507812,-12.21076488494873,73.39450073242188,0.5026422739028931
310000,0.7784074544906616,-199.87496948242188,3.729968309402466,0.008095311932265759,199.97836303710938,-12.774402618408203,184.19297790527344,0.6972876191139221
315000,0.6511921882629395,-200.78567504882812,3.1310229301452637,0.008011852391064167,200.8870086669922,-12.648662567138672,52.66168212890625,0.7469661235809326
320000,1.1915947198867798,-202.11875915527344,-3.438206195831299,0.008023555390536785,202.20932006835938,-11.287483215332031,158.76341247558594,1.7455804347991943
325000,0.7138339877128601,-201.39349365234375,-1.823004126548767,0.007766779512166977,201.48377990722656,-11.624736785888672,162.32359313964844,0.5981186032295227
330000,0.7786616086959839,-201.9251708984375,-0.5902525186538696,0.007807859685271978,202.01791381835938,-11.878364562988281,202.32156372070312,0.42286187410354614
335000,0.8924643993377686,-202.4436798095703,0.008722066879272461,0.007787067908793688,202.53713989257812,-12.00179672241211,235.90191650390625,0.38073334097862244
340000,0.6871924996376038,-202.96261596679688,2.030426502227783,0.007881177589297295,203.0605010986328,-12.419229507446289,141.064453125,0.5673629641532898
345000,0.7663894891738892,-204.11465454101562,0.5613186359405518,0.00790390931069851,204.21041870117188,-12.115964889526367,186.6394500732422,0.6588619351387024
350000,0.6092758178710938,-204.28857421875,-3.621408224105835,0.007827810943126678,204.3766632080078,-11.253326416015625,161.28050231933594,0.6376402974128723
355000,0.5516214966773987,-204.6536865234375,-2.034770965576172,0.007818037644028664,204.74423217773438,-11.580568313598633,130.9281463623047,0.550574779510498
360000,0.7644671201705933,-204.67881774902344,5.172833442687988,0.007742050103843212,204.77996826171875,-13.064138412475586,157.0216522216797,0.5785298347473145
365000,0.6509102582931519,-206.64675903320312,-1.8804866075515747,0.007764150854200125,206.7369384765625,-11.612926483154297,144.00511169433594,0.8892478942871094
370000,0.5489828586578369,-205.9813995361328,0.7951594591140747,0.007595096714794636,206.0737762451172,-12.162935256958008,111.41767883300781,0.4817304015159607
375000,0.5245729684829712,-208.13514709472656,0.88702392578125,0.007483095861971378,208.22628784179688,-12.181204795837402,93.33475494384766,0.913558840751648
380000,0.4762073755264282,-206.68614196777344,6.353277206420898,0.007412455510348082,206.78468322753906,-13.295356750488281,92.71353912353516,0.41342854499816895
385000,0.6587605476379395,-209.20050048828125,-1.0945961475372314,0.007223648484796286,209.2855682373047,-11.777989387512207,180.95179748535156,0.6187296509742737
390000,0.512785792350769,-207.99795532226562,-2.416316509246826,0.007215891964733601,208.0810089111328,-11.510015487670898,71.17540740966797,0.36169904470443726
395000,1.122039794921875,-209.24517822265625,5.323078155517578,0.00709401024505496,209.33792114257812,-13.075681686401367,199.8839874267578,1.272164225578308
400000,0.7686987519264221,-209.03994750976562,-0.1761845350265503,0.007194072473794222,209.1260223388672,-11.96429443359375,132.32785034179688,0.69157475233078
405000,0.49792763590812683,-210.77919006347656,-0.5246374607086182,0.007125097326934338,210.8639373779297,-11.893888473510742,61.895755767822266,0.4894305467605591
410000,0.5369852781295776,-210.64212036132812,-1.3559496402740479,0.007194648962467909,210.72647094726562,-11.725208282470703,60.55525207519531,0.8679693937301636
415000,0.6745389699935913,-211.47433471679688,3.9160373210906982,0.007105361670255661,211.56521606445312,-12.791593551635742,171.5991973876953,0.5742043256759644
420000,0.5154249668121338,-211.35409545898438,0.6286457777023315,0.007010175846517086,211.43910217285156,-12.12673282623291,105.08251190185547,0.8407613635063171
425000,0.6946486830711365,-213.33016967773438,-1.9130339622497559,0.006888362113386393,213.41018676757812,-11.61569595336914,223.9954376220703,0.7129530906677246
430000,0.3873489499092102,-214.20745849609375,-7.3631744384765625,0.00671479944139719,214.27816772460938,-10.528339385986328,72.19528198242188,0.48254427313804626
435000,0.9251169562339783,-214.46070861816406,-1.5247411727905273,0.006855280138552189,214.5408935546875,-11.693985939025879,236.0614013671875,0.658248782157898
440000,0.4546934962272644,-215.75845336914062,-0.8079344630241394,0.006612155586481094,215.83673095703125,-11.839019775390625,86.82333374023438,0.47982168197631836
445000,0.6462360620498657,-216.97531127929688,-5.267791748046875,0.0065460000187158585,217.0469970703125,-10.952476501464844,224.57322692871094,0.4459990859031677
450000,0.5525517463684082,-217.61293029785156,-1.4046326875686646,0.006578605622053146,217.6900177001953,-11.720417022705078,32.229156494140625,0.9394903182983398
455000,0.7382067441940308,-218.24728393554688,-2.144412040710449,0.006496783811599016,218.32247924804688,-11.574214935302734,229.40721130371094,0.8229058384895325
460000,0.4369892477989197,-218.352294921875,-0.6232508420944214,0.006157197058200836,218.42544555664062,-11.877555847167969,140.53285217285156,0.39542874693870544
465000,0.38166287541389465,-219.996337890625,-0.03530266880989075,0.006019477266818285,220.0685272216797,-11.993095397949219,140.2811279296875,0.7354757189750671
470000,0.3271341919898987,-220.135498046875,-1.748042106628418,0.006095959339290857,220.20655822753906,-11.657249450683594,20.3060302734375,0.7210076451301575
475000,0.4133457541465759,-220.45155334472656,5.661338806152344,0.006030776537954807,220.5305938720703,-13.10767936706543,127.0191879272461,0.47691401839256287
480000,0.3140411972999573,-221.89979553222656,0.8969855308532715,0.005891105160117149,221.97152709960938,-12.174701690673828,44.22195816040039,0.43932777643203735
485000,0.4005163908004761,-222.4530487060547,4.78342342376709,0.005848377011716366,222.52865600585938,-12.930320739746094,152.29527282714844,0.3623031675815582
490000,0.48338451981544495,-222.78639221191406,-2.0757079124450684,0.005546695552766323,222.8507537841797,-11.6004056930542,152.15806579589844,0.630193829536438
495000,0.412815660238266,-223.4673309326172,-1.502068281173706,0.005361923016607761,223.53013610839844,-11.7127046585083,161.12115478515625,0.6809860467910767
500000,0.3012458086013794,-223.37167358398438,-0.5558195114135742,0.005306937266141176,223.43479919433594,-11.893899917602539,81.1669692993164,0.646865963935852
505000,0.6533281803131104,-223.77444458007812,2.595648765563965,0.005275668576359749,223.8403778076172,-12.494918823242188,232.283935546875,0.9703934192657471
510000,0.24583837389945984,-224.85194396972656,-2.4467520713806152,0.005090565420687199,224.91067504882812,-11.536626815795898,25.96927261352539,0.30730265378952026
515000,0.3495972752571106,-225.10643005371094,5.893829822540283,0.00499176187440753,225.17189025878906,-13.112058639526367,73.4533920288086,0.6373478174209595
520000,0.4447343349456787,-225.56797790527344,-4.102180480957031,0.005131102632731199,225.62554931640625,-11.221970558166504,202.88894653320312,0.4613979160785675
525000,0.2624565362930298,-225.8135528564453,-7.274122714996338,0.005127421580255032,225.86801147460938,-10.62050724029541,50.59068298339844,0.5069893002510071
530000,0.4200642704963684,-225.657470703125,3.431549072265625,0.004995045252144337,225.7206268310547,-12.647527694702148,208.0504913330078,0.47956129908561707
535000,0.6282382011413574,-227.2064971923828,-0.051378488540649414,0.004875830374658108,227.26495361328125,-11.990347862243652,278.98760986328125,0.5299035906791687
540000,0.7518435716629028,-227.19186401367188,4.522641658782959,0.004743064288049936,227.25277709960938,-12.845176696777344,316.2073974609375,0.5011993646621704
545000,0.24787399172782898,-227.27565002441406,-8.575998306274414,0.0046325246803462505,227.32386779785156,-10.404308319091797,78.65384674072266,0.7448050379753113
550000,0.4687524139881134,-227.2763671875,4.604839324951172,0.004579315427690744,227.33522033691406,-12.854915618896484,209.954833984375,0.36082330346107483
555000,0.6546220779418945,-227.8840789794922,-2.603461742401123,0.004523602779954672,227.93617248535156,-11.517745971679688,296.1893005371094,0.6840776205062866
560000,0.4842813313007355,-228.0144805908203,3.2278523445129395,0.00432316679507494,228.06890869140625,-12.592944145202637,233.9553680419922,0.7549352049827576
565000,0.24100464582443237,-227.86062622070312,4.643747329711914,0.004166890867054462,227.91416931152344,-12.847317695617676,101.12052154541016,0.652245819568634
570000,0.21571606397628784,-228.27493286132812,-4.792698383331299,0.004236522130668163,228.32203674316406,-11.122852325439453,74.24102020263672,0.8137836456298828
575000,0.1886765956878662,-227.919921875,2.1926321983337402,0.004232718143612146,227.972412109375,-12.401217460632324,67.43949890136719,0.6141014099121094
580000,0.2025628685951233,-228.4124298095703,5.779006004333496,0.0042204163037240505,228.467529296875,-13.056893348693848,72.51858520507812,0.4175058603286743
585000,0.24617668986320496,-228.56228637695312,-1.502622365951538,0.004212335683405399,228.6116943359375,-11.725285530090332,137.4293212890625,0.3295381963253021
590000,0.4804554283618927,-228.86007690429688,-2.738185167312622,0.00413209293037653,228.9075927734375,-11.501142501831055,50.63517761230469,2.1288540363311768
595000,0.1854821741580963,-228.85403442382812,4.169944763183594,0.004157844465225935,228.90707397460938,-12.760522842407227,84.41905975341797,0.7306027412414551
600000,0.2410447895526886,-229.0960693359375,-3.086117744445801,0.00411027017980814,229.1431121826172,-11.438292503356934,66.95207214355469,0.4256962537765503
605000,0.6444917321205139,-228.89471435546875,0.8319538831710815,0.004090407397598028,228.94442749023438,-12.151288986206055,165.16830444335938,1.3883225917816162
610000,0.18802407383918762,-229.2701416015625,-0.9155945777893066,0.003975866828113794,229.31719970703125,-11.834357261657715,74.44883728027344,0.7059116959571838
615000,0.22244173288345337,-228.85302734375,-0.5318084955215454,0.0038797841407358646,228.8992156982422,-11.904214859008789,107.76815032958984,1.1256632804870605
620000,0.3805192708969116,-229.11453247070312,-2.3750247955322266,0.003807553555816412,229.1586151123047,-11.573659896850586,107.98368835449219,1.097435474395752
625000,0.31451231241226196,-229.10951232910156,3.277770519256592,0.00374610535800457,229.15664672851562,-12.586663246154785,174.90965270996094,0.494607537984848
630000,0.17055398225784302,-229.72061157226562,-0.22857028245925903,0.0037148708943277597,229.76502990722656,-11.959150314331055,84.18419647216797,0.8198198676109314
635000,0.1265803873538971,-229.56704711914062,-0.5696896314620972,0.003748272778466344,229.61163330078125,-11.89802360534668,16.80419158935547,1.320934534072876
640000,0.7753733396530151,-229.03114318847656,0.13758057355880737,0.0037599802017211914,229.07635498046875,-12.024641036987305,152.74777221679688,3.0621864795684814
645000,0.38942021131515503,-229.05751037597656,1.1733367443084717,0.0036815351340919733,229.10244750976562,-12.209348678588867,125.76309204101562,0.5349243879318237
650000,0.2777594029903412,-229.90383911132812,7.763495445251465,0.0037717544473707676,229.95436096191406,-13.391244888305664,163.898681640625,0.4781271517276764
655000,0.17037096619606018,-229.68931579589844,2.167691469192505,0.0033319948706775904,229.73056030273438,-12.380012512207031,99.4409408569336,0.5277101397514343
660000,0.14965836703777313,-230.09426879882812,-1.5283589363098145,0.0034120685886591673,230.13429260253906,-11.730936050415039,84.15082550048828,0.5019963979721069
665000,0.11246733367443085,-230.19500732421875,-5.134403228759766,0.0033421008847653866,230.2321014404297,-11.099386215209961,70.49349212646484,0.3039744794368744
670000,0.1492396891117096,-229.9568328857422,1.4933488368988037,0.003294203197583556,229.99722290039062,-12.261273384094238,96.57978057861328,0.33195260167121887
675000,0.3837897479534149,-229.92002868652344,1.8484845161437988,0.0035653153900057077,229.96397399902344,-12.327942848205566,227.8104248046875,0.7416878342628479
680000,0.17945745587348938,-229.76988220214844,5.876930236816406,0.003238330129534006,229.8120574951172,-13.025130271911621,127.17347717285156,0.27882614731788635
685000,0.1373436450958252,-230.00616455078125,-4.964413642883301,0.003013837384060025,230.0397491455078,-11.144718170166016,97.27327728271484,0.37819820642471313
690000,0.682664155960083,-229.8469696044922,-2.2271552085876465,0.00296232127584517,229.88140869140625,-11.617435455322266,289.9777526855469,1.3536134958267212
695000,0.12546831369400024,-229.78887939453125,2.4524917602539062,0.0029879191424697638,229.8259735107422,-12.421875953674316,65.44657135009766,0.4142968952655792
700000,0.3060482144355774,-229.6606903076172,0.32838961482048035,0.0029731555841863155,229.696533203125,-12.056442260742188,91.90740966796875,1.9047960042953491
705000,0.16172537207603455,-229.77175903320312,1.387399435043335,0.0031218884978443384,229.80996704101562,-12.240478515625,113.5308609008789,0.38940486311912537
710000,0.3159627914428711,-229.61734008789062,8.906912803649902,0.0029091888573020697,229.6566925048828,-13.525162696838379,112.40620422363281,0.7278771996498108
715000,0.17374423146247864,-229.72775268554688,-5.452395439147949,0.003127854783087969,229.76235961914062,-11.054605484008789,127.1591567993164,0.27288976311683655
720000,0.18428006768226624,-230.11766052246094,1.2386035919189453,0.002696332987397909,230.15057373046875,-12.209370613098145,114.27620697021484,1.33275306224823
725000,0.2851242125034332,-229.98793029785156,-4.764969825744629,0.002656306605786085,230.01768493652344,-11.196544647216797,168.50552368164062,1.1339606046676636
730000,0.15026672184467316,-229.87327575683594,-3.189863681793213,0.002499599475413561,229.90194702148438,-11.467607498168945,121.24003601074219,0.7094521522521973
735000,0.09925830364227295,-230.02627563476562,1.8223061561584473,0.002437030663713813,230.0562744140625,-12.302860260009766,86.68603515625,0.35231420397758484
740000,0.10653463006019592,-229.5664520263672,-0.5056195259094238,0.002362712286412716,229.5946044921875,-11.916397094726562,91.64262390136719,0.4407413899898529
745000,0.06509245932102203,-229.35614013671875,-0.17389339208602905,0.0025946309324353933,229.38719177246094,-11.970794677734375,42.489830017089844,0.7131674289703369
750000,0.080391064286232,-229.68356323242188,1.9507725238800049,0.002492839703336358,229.71426391601562,-12.325431823730469,69.28385925292969,0.3856064975261688
755000,0.08958566188812256,-229.83358764648438,-4.589306831359863,0.002350224182009697,229.86000061035156,-11.241827011108398,72.11082458496094,0.4506935477256775
760000,0.45333412289619446,-229.51907348632812,2.842784881591797,0.0023387440014630556,229.54823303222656,-12.469244003295898,257.38043212890625,0.5210590362548828
765000,0.09822916984558105,-229.26702880859375,-0.6191443800926208,0.002135914284735918,229.2924346923828,-11.899307250976562,77.29027557373047,0.816180408000946
770000,0.2305668294429779,-229.40293884277344,0.41360151767730713,0.0021866390015929937,229.4293212890625,-12.067520141601562,146.1920166015625,0.6555278301239014
775000,0.18562562763690948,-229.69058227539062,-5.269473075866699,0.0022231251932680607,229.71534729003906,-11.1373872756958,152.3865203857422,0.2326967567205429
780000,0.2298235446214676,-229.3306884765625,2.7955570220947266,0.0020157841499894857,229.35577392578125,-12.450403213500977,167.26022338867188,0.26860955357551575
785000,0.19668135046958923,-229.36322021484375,-4.2232747077941895,0.0019496225286275148,229.38528442382812,-11.323202133178711,97.00743865966797,0.9518283009529114
790000,0.06534618139266968,-229.22097778320312,-6.610960960388184,0.0019356250995770097,229.24215698242188,-10.941789627075195,63.03895568847656,0.581519365310669
795000,0.07860542833805084,-228.82266235351562,5.48613977432251,0.0017625512555241585,228.8453369140625,-12.865156173706055,77.22808074951172,0.2614017128944397
800000,0.08425958454608917,-228.97373962402344,2.584920644760132,0.0017375412862747908,228.99530029296875,-12.406730651855469,78.75825500488281,0.4546077847480774
805000,0.08922559022903442,-228.78530883789062,1.6293573379516602,0.0019221551483497024,228.8088836669922,-12.260518074035645,78.38745880126953,0.7356995940208435
810000,0.18785932660102844,-228.520263671875,-4.181700229644775,0.0018536653369665146,228.541259765625,-11.335245132446289,146.4444122314453,0.5996144413948059
815000,0.10394378006458282,-228.63327026367188,2.5972304344177246,0.0018446962349116802,228.65615844726562,-12.412557601928711,91.21207427978516,0.29658687114715576
820000,0.07969304174184799,-228.47764587402344,-1.7102482318878174,0.0018691100412979722,228.49957275390625,-11.727764129638672,75.4272689819336,0.35522034764289856
825000,0.08150792121887207,-228.53985595703125,-1.1803587675094604,0.0017483106348663568,228.56051635742188,-11.814083099365234,62.00772476196289,0.51976478099823
830000,0.07547352463006973,-228.05734252929688,5.116540908813477,0.0018707695417106152,228.08132934570312,-12.814554214477539,40.1708869934082,0.4160187542438507
835000,0.20130980014801025,-228.77008056640625,-2.911677360534668,0.0019030417315661907,228.79202270507812,-11.535195350646973,158.2290802001953,0.5287644267082214
840000,0.1375773549079895,-228.82574462890625,4.745580673217773,0.002155727706849575,228.853271484375,-12.772937774658203,117.7523422241211,0.2975400686264038
845000,0.21890181303024292,-229.2342529296875,3.135715961456299,0.0020288785453885794,229.25962829589844,-12.505743026733398,166.5305633544922,0.22495566308498383
850000,0.10450966656208038,-229.92559814453125,-3.983919620513916,0.002081721555441618,229.94921875,-11.354774475097656,92.60419464111328,0.19854851067066193
810000,3.445350170135498,-221.1626739501953,103.90821075439453,0.0017382199876010418,221.21192932128906,-28.349891662597656,403.3561706542969,0.8207748532295227
815000,0.11555124074220657,-225.20330810546875,71.45210266113281,0.005228768102824688,225.33712768554688,-25.60021209716797,100.40262603759766,0.26967689394950867
820000,0.09874874353408813,-229.59945678710938,4.366790294647217,0.010150078684091568,229.7308807373047,-12.951298713684082,81.2747802734375,0.2234174758195877
825000,0.5732470750808716,-232.5909423828125,-1.5524290800094604,0.010601572692394257,232.71456909179688,-11.658555030822754,189.6998291015625,0.6227048635482788
830000,0.18194708228111267,-234.5781707763672,2.4257802963256836,0.010579660534858704,234.71075439453125,-12.533268928527832,120.8035888671875,0.21531455218791962
835000,0.15278595685958862,-236.68353271484375,-2.408170223236084,0.010709639638662338,236.8063507080078,-11.469167709350586,91.76738739013672,0.28152504563331604
840000,0.20022308826446533,-240.15634155273438,3.5509836673736572,0.010657483711838722,240.29254150390625,-12.781874656677246,117.5791015625,0.25911107659339905
810000,4.435675144195557,-218.705078125,150.07325744628906,0.0017383608501404524,218.76695251464844,-35.61393356323242,499.44140625,0.9103294610977173
815000,0.7727770209312439,-220.6884765625,59.84954833984375,0.004958551377058029,220.80389404296875,-23.277896881103516,329.10980224609375,0.3461728096008301
820000,0.5003935098648071,-223.36598205566406,10.189641952514648,0.009553949348628521,223.5015411376953,-14.190887451171875,110.09174346923828,0.2576333284378052
825000,0.36760786175727844,-224.89599609375,2.5469350814819336,0.011600429192185402,225.04180908203125,-12.571470260620117,198.50595092773438,0.2691095471382141
830000,0.6104402542114258,-228.06040954589844,-0.8483737707138062,0.012547530233860016,228.20855712890625,-11.80622386932373,273.5362548828125,0.3216872811317444
835000,0.43047791719436646,-232.48660278320312,-2.360454559326172,0.012530638836324215,232.63021850585938,-11.461018562316895,207.28781127929688,0.3159441351890564
840000,0.23427841067314148,-236.4595489501953,-1.5224285125732422,0.012393667362630367,236.60397338867188,-11.653257369995117,97.1488037109375,0.3703106939792633
845000,0.20459751784801483,-240.7252960205078,-3.196901559829712,0.011892242357134819,240.8594207763672,-11.278669357299805,96.1539077758789,0.32595592737197876
850000,0.2476608157157898,-240.3404541015625,0.6088864803314209,0.011815421283245087,240.48385620117188,-12.137187957763672,58.00315856933594,0.37393543124198914
855000,0.3621331453323364,-241.70721435546875,-0.16671323776245117,0.011333558708429337,241.8428192138672,-11.962785720825195,139.20706176757812,0.4231970012187958
860000,0.2382684051990509,-245.83258056640625,-1.2454403638839722,0.011175574734807014,245.96359252929688,-11.722867965698242,82.1211929321289,0.3378981053829193
865000,0.3256891369819641,-246.7255859375,-1.7266899347305298,0.011393162421882153,246.85789489746094,-11.614130973815918,98.20599365234375,0.6114516258239746
870000,0.4376910626888275,-247.53793334960938,-3.225029468536377,0.011102424934506416,247.66322326660156,-11.28342056274414,183.8644256591797,0.33306097984313965
875000,0.521449089050293,-246.88270568847656,-1.8907654285430908,0.011070526205003262,247.01089477539062,-11.580151557922363,217.48521423339844,0.37215107679367065
880000,0.3907724618911743,-246.17520141601562,0.8091926574707031,0.010994776152074337,246.30909729003906,-12.179405212402344,67.18685913085938,0.36949706077575684
885000,1.047041893005371,-248.10504150390625,-2.6942532062530518,0.010829290375113487,248.2285614013672,-11.404644012451172,106.54508972167969,0.43382716178894043
890000,0.6582733988761902,-247.34361267089844,-2.377798080444336,0.010750443674623966,247.46697998046875,-11.475420951843262,56.383548736572266,0.41363584995269775
895000,0.46191272139549255,-245.70114135742188,0.7146024703979492,0.010340902023017406,245.82684326171875,-12.156309127807617,47.1807975769043,0.45933762192726135
900000,0.44438281655311584,-246.3571014404297,-3.308781623840332,0.010281983762979507,246.4730682373047,-11.27712631225586,190.09634399414062,0.45861661434173584
905000,0.31334346532821655,-245.6363525390625,3.6603431701660156,0.010168985463678837,245.7664794921875,-12.797736167907715,40.69147491455078,0.5398669242858887
910000,0.4023510217666626,-248.1117706298828,-1.947791576385498,0.01012814324349165,248.22900390625,-11.575873374938965,133.52197265625,0.48800602555274963
915000,0.41021186113357544,-245.09332275390625,1.5592007637023926,0.009938391856849194,245.2159423828125,-12.338125228881836,169.47201538085938,0.4112584590911865
920000,0.34124869108200073,-245.21971130371094,-0.9230950474739075,0.00980750285089016,245.33544921875,-11.800390243530273,91.92172241210938,0.3880056142807007
925000,0.5381998419761658,-245.17849731445312,1.0057833194732666,0.009723314084112644,245.29730224609375,-12.217080116271973,57.877227783203125,0.6022139191627502
930000,0.9380412697792053,-247.21121215820312,-2.0923285484313965,0.009616474620997906,247.32229614257812,-11.54948616027832,316.046630859375,0.750801146030426
935000,0.4876139760017395,-244.65054321289062,2.255916118621826,0.009283693507313728,244.76641845703125,-12.482076644897461,46.021236419677734,0.6711663603782654
940000,0.6445598006248474,-244.89239501953125,0.5735989212989807,0.009325562976300716,245.00546264648438,-12.122695922851562,194.74964904785156,0.42896801233291626
945000,0.503770112991333,-245.9927978515625,-0.3286864161491394,0.009241178631782532,246.10302734375,-11.929829597473145,170.0491180419922,0.37737947702407837
950000,0.7305744290351868,-244.80364990234375,2.2272143363952637,0.009361803531646729,244.92044067382812,-12.476800918579102,275.2176513671875,0.36729559302330017
955000,0.3923295736312866,-245.45877075195312,-2.462594747543335,0.009355560876429081,245.56613159179688,-11.472875595092773,116.6158447265625,0.3636254072189331
960000,0.3451698422431946,-245.9452362060547,-1.5793777704238892,0.009196240454912186,246.05250549316406,-11.663166999816895,79.6150131225586,0.37160009145736694
965000,0.4515693187713623,-244.42431640625,1.1895956993103027,0.00897271279245615,244.5342559814453,-12.252379417419434,163.7661895751953,0.6138907670974731
970000,0.4519578516483307,-243.87025451660156,-0.6076010465621948,0.008888328447937965,243.9757843017578,-11.87135124206543,150.98016357421875,0.3242310583591461
975000,0.5060535669326782,-243.0244903564453,2.8899543285369873,0.008813845925033092,243.1356201171875,-12.610786437988281,160.3546905517578,0.4715923070907593
980000,0.36882758140563965,-243.22740173339844,0.8407212495803833,0.008756667375564575,243.33401489257812,-12.177436828613281,93.63482666015625,0.3532320559024811
985000,0.3458300232887268,-243.25772094726562,2.5342671871185303,0.008693250827491283,243.36669921875,-12.53406810760498,108.09457397460938,0.4459587633609772
990000,0.3950410783290863,-243.6314697265625,-2.4004287719726562,0.00856827013194561,243.72998046875,-11.495667457580566,112.89752197265625,0.36060768365859985
995000,0.421449214220047,-242.8514862060547,-1.4821959733963013,0.008653031662106514,242.95262145996094,-11.687946319580078,95.57809448242188,0.491809606552124
1000000,0.4119665026664734,-241.6883544921875,-1.5666236877441406,0.008559253998100758,241.78826904296875,-11.670926094055176,87.75538635253906,0.4164111316204071
1005000,0.8393955826759338,-241.91741943359375,-2.7897491455078125,0.008264008909463882,242.01177978515625,-11.418298721313477,295.4151611328125,0.6552132368087769
1010000,0.35211288928985596,-240.33201599121094,1.994080662727356,0.007892809808254242,240.42999267578125,-12.41185188293457,88.31497192382812,0.6630061268806458
1015000,0.8210569024085999,-240.22686767578125,0.9830358028411865,0.007847248576581478,240.32261657714844,-12.202786445617676,289.3783874511719,0.4500345289707184
1020000,0.873986005783081,-238.7561798095703,-2.6385812759399414,0.007682302501052618,238.84420776367188,-11.458061218261719,322.95538330078125,0.31202027201652527
1025000,0.4821455180644989,-239.10311889648438,-0.7344568371772766,0.007759257685393095,239.19505310058594,-11.848843574523926,94.10993957519531,0.42989805340766907
1030000,0.31896305084228516,-240.293701171875,2.508591651916504,0.007489614188671112,240.38742065429688,-12.51255989074707,66.34675598144531,0.3744535744190216
1035000,0.3140084147453308,-238.41238403320312,-1.868634819984436,0.007452684920281172,238.49896240234375,-11.618593215942383,34.79787826538086,0.3653987646102905
1040000,0.44108840823173523,-238.3792724609375,-1.0128371715545654,0.007203155197203159,238.4642333984375,-11.794690132141113,129.09262084960938,0.4629533588886261
1045000,0.35054031014442444,-237.98748779296875,0.15755125880241394,0.007092485204339027,238.07281494140625,-12.03183650970459,84.65335845947266,0.4734885096549988
1050000,0.4188683331012726,-236.30731201171875,-0.46232593059539795,0.006871476303786039,236.38912963867188,-11.907170295715332,127.91665649414062,0.7511150240898132
1055000,0.29588866233825684,-236.677978515625,-3.6568784713745117,0.0068353465758264065,236.7550048828125,-11.266517639160156,64.87090301513672,0.5624324679374695
1060000,0.687459409236908,-236.04373168945312,0.6584051847457886,0.006808639504015446,236.12635803222656,-12.1319580078125,261.49102783203125,1.074275255203247
1065000,0.5053200125694275,-235.30279541015625,0.0931018590927124,0.006609905045479536,235.3822479248047,-12.018549919128418,83.53453826904297,0.8844749331474304
1070000,0.584397554397583,-234.01332092285156,4.874330997467041,0.006524429190903902,234.09793090820312,-12.968610763549805,229.0656280517578,0.4242400825023651
1075000,0.37503159046173096,-233.97845458984375,3.305140972137451,0.0066033583134412766,234.06204223632812,-12.658376693725586,129.63320922851562,0.5125136971473694
1080000,0.32316863536834717,-234.253173828125,-2.630065441131592,0.006616627797484398,234.3291015625,-11.475894927978516,62.39978790283203,0.44445866346359253
1085000,0.38236457109451294,-233.78762817382812,-0.10033780336380005,0.006615829654037952,233.86688232421875,-11.980006217956543,119.03949737548828,0.6193318963050842
1090000,0.8763470649719238,-232.08349609375,0.8267557621002197,0.006607648450881243,232.1638946533203,-12.16470718383789,326.8839416503906,0.6836249232292175
1095000,0.30537500977516174,-232.15884399414062,-0.8103044033050537,0.006536240689456463,232.23622131347656,-11.838922500610352,91.95746612548828,0.5216901302337646
1100000,0.3258671760559082,-232.9574432373047,-2.324215888977051,0.006470193155109882,233.0321044921875,-11.538891792297363,106.98941040039062,0.4223157465457916
1105000,0.26191261410713196,-232.19483947753906,-3.5471324920654297,0.006237867288291454,232.26535034179688,-11.301347732543945,73.60028076171875,0.30623623728752136
1110000,0.3271470069885254,-231.42291259765625,3.9964141845703125,0.006276831496506929,231.503173828125,-12.788101196289062,37.56705093383789,1.2650537490844727
1115000,0.3227175176143646,-230.69332885742188,-0.717494010925293,0.00615818053483963,230.766357421875,-11.859036445617676,86.80250549316406,0.5765277743339539
1120000,0.2490064799785614,-231.3017120361328,-1.8039835691452026,0.00607460318133235,231.37245178222656,-11.64653491973877,51.102542877197266,0.6313572525978088
1125000,0.6278355121612549,-230.71478271484375,-1.2632560729980469,0.0059775542467832565,230.7850341796875,-11.753259658813477,162.87693786621094,0.39346998929977417
1130000,0.7097831964492798,-229.0507049560547,3.3012819290161133,0.005933146458119154,229.12571716308594,-12.643861770629883,274.8339538574219,0.2694880962371826
1135000,0.2867787480354309,-230.44871520996094,1.8897476196289062,0.005735103506594896,230.5196533203125,-12.366147994995117,104.29177856445312,0.2876434326171875
1140000,0.4503573775291443,-230.41143798828125,1.5758408308029175,0.005775874014943838,230.48251342773438,-12.305747032165527,79.34003448486328,0.6345573663711548
1145000,0.2800331115722656,-230.4805145263672,1.9612243175506592,0.005696950014680624,230.551025390625,-12.37950611114502,98.8189926147461,0.6774709224700928
1150000,0.4494457542896271,-230.01800537109375,-4.597402095794678,0.005628874525427818,230.08056640625,-11.11241626739502,138.32028198242188,0.7579871416091919
1155000,0.3366076350212097,-229.825927734375,-0.5281057357788086,0.005551395006477833,229.89195251464844,-11.898319244384766,144.26400756835938,0.586266815662384
1160000,0.2961607575416565,-228.73989868164062,-0.7702443599700928,0.005446456838399172,228.804443359375,-11.852237701416016,95.77545928955078,0.8620728850364685
1165000,0.3251428008079529,-230.77882385253906,-6.428610801696777,0.005392105784267187,230.83689880371094,-10.76905632019043,58.3430061340332,0.8083431124687195
1170000,0.2170267403125763,-229.9517822265625,0.9789942502975464,0.005365431774407625,230.01718139648438,-12.187265396118164,69.13134765625,0.41663962602615356
1175000,0.19983267784118652,-230.00436401367188,-0.11826157569885254,0.0052265143021941185,230.06695556640625,-11.97749137878418,65.29895782470703,0.543595016002655
1180000,0.32855546474456787,-228.052490234375,4.891294002532959,0.005146687384694815,228.1190185546875,-12.928218841552734,91.72476196289062,0.7480117082595825
1185000,0.20119988918304443,-229.05368041992188,-3.4616851806640625,0.0051750862039625645,229.11236572265625,-11.342362403869629,62.74243927001953,0.26946839690208435
1190000,0.362518846988678,-228.2734832763672,4.764030456542969,0.005075694993138313,228.33895874023438,-12.901690483093262,141.14707946777344,0.6517463326454163
1195000,0.3143617510795593,-229.22198486328125,-0.5640745162963867,0.005082345101982355,229.28244018554688,-11.893207550048828,64.06159210205078,0.706101655960083
1200000,0.49271926283836365,-228.40554809570312,2.423226833343506,0.005049397237598896,228.4684600830078,-12.458209037780762,214.82789611816406,0.43143075704574585
1205000,0.32563602924346924,-229.5645751953125,0.8197394013404846,0.005054058041423559,229.62599182128906,-12.155028343200684,104.56565856933594,0.3557589650154114
1210000,0.4965878129005432,-229.953125,-4.668004035949707,0.004854549653828144,230.00714111328125,-11.123846054077148,229.2854461669922,0.5500169396400452
1215000,0.2585411071777344,-229.1578826904297,-0.5377751588821411,0.004750049207359552,229.21441650390625,-11.89947509765625,134.11009216308594,0.28783145546913147
1220000,0.31335461139678955,-228.9303436279297,1.0515304803848267,0.004634895361959934,228.98687744140625,-12.195662498474121,103.817626953125,0.5611054301261902
1225000,0.22051483392715454,-230.11627197265625,0.8993228673934937,0.004544617608189583,230.17156982421875,-12.166730880737305,90.56278228759766,0.48890450596809387
1230000,0.48515447974205017,-230.5006103515625,2.4227657318115234,0.0042891474440693855,230.55398559570312,-12.444402694702148,225.71484375,0.5303972959518433
1235000,0.19186033308506012,-230.5956573486328,-8.001802444458008,0.004279159940779209,230.64073181152344,-10.53280258178711,34.955081939697266,1.0567387342453003
1240000,0.3019852936267853,-229.9505615234375,1.275978922843933,0.004238021560013294,230.00241088867188,-12.23354434967041,137.34097290039062,0.6603050231933594
1245000,0.687786340713501,-231.40875244140625,-0.6288405656814575,0.004059647675603628,231.45700073242188,-11.88580322265625,259.4327087402344,1.2289050817489624
1250000,0.38583076000213623,-231.0858154296875,-3.700100898742676,0.004078414291143417,231.13201904296875,-11.327486038208008,158.83642578125,0.9543631672859192
1255000,0.23299461603164673,-231.33721923828125,1.055664300918579,0.0040914881974458694,231.38710021972656,-12.191978454589844,98.25927734375,0.3308621346950531
1260000,0.5149986147880554,-230.52706909179688,-0.5334540605545044,0.004034277983009815,230.5750732421875,-11.90323543548584,249.6502685546875,0.5463924407958984
1265000,0.5128823518753052,-231.80853271484375,1.3589177131652832,0.00392155721783638,231.8565673828125,-12.245237350463867,164.06365966796875,0.8661518692970276
1270000,0.20428645610809326,-231.3033905029297,-0.1791345477104187,0.003899327013641596,231.35006713867188,-11.967704772949219,53.225154876708984,1.0040736198425293
1275000,0.1658792793750763,-231.80270385742188,-6.074112892150879,0.0038930028676986694,231.8451690673828,-10.905250549316406,69.52897644042969,0.5452603697776794
1280000,0.27401793003082275,-231.96725463867188,-4.226407051086426,0.003823602572083473,232.01025390625,-11.24075984954834,60.53040313720703,0.7636184692382812
1285000,0.4953359365463257,-232.28994750976562,2.744880199432373,0.0036285463720560074,232.33526611328125,-12.488494873046875,251.0025177001953,0.2620649039745331
1290000,0.5736263990402222,-232.7639617919922,-4.6845245361328125,0.003622849704697728,232.80442810058594,-11.166522979736328,277.3228759765625,0.20675475895404816
1295000,0.1211242601275444,-233.18971252441406,-1.308736801147461,0.003588032443076372,233.23193359375,-11.76754379272461,59.02842330932617,0.6672197580337524
1300000,0.18759357929229736,-232.9980010986328,-3.6422035694122314,0.0034814265090972185,233.03753662109375,-11.356544494628906,125.95948028564453,0.28571510314941406
1305000,0.17023302614688873,-233.24481201171875,-1.0476614236831665,0.0034295348450541496,233.2853240966797,-11.815407752990723,82.95413970947266,0.4090161621570587
1310000,0.12026360630989075,-234.44827270507812,-4.225710391998291,0.00338640040718019,234.48638916015625,-11.257071495056152,62.791751861572266,0.3611636757850647
1315000,0.12545880675315857,-234.29107666015625,-1.1546132564544678,0.003416928695514798,234.33139038085938,-11.796682357788086,63.4580192565918,0.5635324716567993
1320000,0.12535569071769714,-234.1246795654297,-3.302584409713745,0.0032558150123804808,234.16188049316406,-11.423365592956543,33.16193389892578,0.3759751319885254
1325000,0.18630361557006836,-235.13397216796875,0.5903415679931641,0.0032747157383710146,235.17361450195312,-12.103178024291992,106.17694854736328,0.5439455509185791
1330000,0.3496237099170685,-235.525634765625,2.1220552921295166,0.003194299293681979,235.56512451171875,-12.369287490844727,171.1834259033203,0.6647148132324219
1335000,0.12178713083267212,-234.6676483154297,0.2609611749649048,0.0031428516376763582,234.7054901123047,-12.045284271240234,75.8499984741211,0.48536306619644165
1340000,0.12066243588924408,-234.19772338867188,3.4108617305755615,0.003072011284530163,234.2364044189453,-12.589552879333496,64.595947265625,0.6229315400123596
1345000,0.24578285217285156,-235.87957763671875,-1.4122097492218018,0.003010719083249569,235.9149627685547,-11.756750106811523,165.51040649414062,0.42549195885658264
1350000,0.1857561618089676,-234.70941162109375,-1.653380036354065,0.0029400421772152185,234.74386596679688,-11.716371536254883,83.72574615478516,0.4536420702934265
1355000,0.08943191170692444,-235.87965393066406,-3.794466733932495,0.0029830860439687967,235.9134979248047,-11.347442626953125,53.06211471557617,0.6314069628715515
1360000,0.12918177247047424,-235.57522583007812,-2.945549726486206,0.0029315738938748837,235.6089324951172,-11.494953155517578,89.56451416015625,0.5777137279510498
1365000,0.09405959397554398,-234.80844116210938,6.085285186767578,0.002871024189516902,234.84588623046875,-13.039644241333008,54.92656707763672,0.48423171043395996
1370000,0.15357235074043274,-235.580810546875,2.2966597080230713,0.0028432912658900023,235.61605834960938,-12.39174747467041,25.59347152709961,0.45822736620903015
1375000,0.10580796003341675,-235.96636962890625,-0.38527727127075195,0.00274448748677969,235.99911499023438,-11.93467903137207,75.04403686523438,0.23873308300971985
1380000,0.17635425925254822,-236.0269012451172,-2.5780177116394043,0.002724751830101013,236.05841064453125,-11.563438415527344,20.664793014526367,0.44421151280403137
1385000,0.09440888464450836,-236.1087646484375,-2.3015966415405273,0.002641688333824277,236.1394500732422,-11.612286567687988,73.17293548583984,0.19608058035373688
1390000,0.08420644700527191,-236.27804565429688,-3.3315155506134033,0.0024844203144311905,236.3064727783203,-11.444523811340332,56.72553253173828,0.19917786121368408
1395000,0.18790143728256226,-236.1082000732422,-1.8278005123138428,0.0024062965530902147,236.1363525390625,-11.696866989135742,140.87950134277344,0.30826157331466675
1400000,0.12492027878761292,-237.51461791992188,0.21293139457702637,0.002523042494431138,237.54498291015625,-12.03559398651123,100.70674896240234,0.2084813416004181
1405000,0.11300618946552277,-236.48277282714844,-2.2436745166778564,0.0024607127998024225,236.51136779785156,-11.62651252746582,91.969482421875,0.32921239733695984
1410000,0.08914417773485184,-236.9354248046875,1.410310983657837,0.002439100993797183,236.96527099609375,-12.234418869018555,67.07992553710938,0.43334540724754333
1415000,0.18881593644618988,-237.59805297851562,-2.8129053115844727,0.002362778875976801,237.6253204345703,-11.534893035888672,143.32583618164062,0.2330268919467926
1420000,0.0858583152294159,-236.46112060546875,0.18274807929992676,0.0023887320421636105,236.4898681640625,-12.030271530151367,59.26207733154297,0.3489954471588135
1425000,0.06728250533342361,-236.06573486328125,5.477794647216797,0.002454697387292981,236.097412109375,-12.911454200744629,30.138446807861328,0.6841757893562317
1430000,0.10156164318323135,-236.63702392578125,0.7146146297454834,0.0023657630663365126,236.66567993164062,-12.118183135986328,90.6317138671875,0.3095893859863281
1435000,0.1670474112033844,-236.28494262695312,-0.6335772275924683,0.002442543860524893,236.3140106201172,-11.894662857055664,129.16673278808594,0.5940996408462524
1440000,0.15992727875709534,-235.57302856445312,0.591702938079834,0.0024279961362481117,235.60238647460938,-12.098278999328613,121.28028869628906,0.3313581943511963
1445000,0.1149381771683693,-237.63467407226562,0.6179544925689697,0.0023915220517665148,237.6636199951172,-12.102378845214844,57.41420364379883,2.0239195823669434
1450000,0.16178792715072632,-235.14450073242188,5.491198539733887,0.0024928597267717123,235.17669677734375,-12.916017532348633,86.98126983642578,0.8242142200469971
1455000,0.07922147959470749,-237.5629425048828,6.03501033782959,0.0025181120727211237,237.595703125,-13.008474349975586,61.78998947143555,0.32613998651504517
1460000,0.3566182255744934,-236.85247802734375,6.180385589599609,0.0024629326071590185,236.8845672607422,-13.02894115447998,213.3419952392578,0.18217211961746216
1465000,0.16943752765655518,-237.64846801757812,-2.4342050552368164,0.0024939728900790215,237.67738342285156,-11.593881607055664,98.14557647705078,0.2674414813518524
1470000,0.37264493107795715,-237.71592712402344,-0.5790009498596191,0.0024827371817082167,237.7454833984375,-11.903472900390625,218.04383850097656,0.21679319441318512
1475000,0.11911797523498535,-238.23924255371094,-1.4904391765594482,0.0024554666597396135,238.26809692382812,-11.751985549926758,88.29850006103516,1.0005488395690918
1480000,0.12428983300924301,-237.9207763671875,0.4878806471824646,0.0024195120204240084,237.95001220703125,-12.080987930297852,101.65597534179688,0.2210761308670044
1485000,0.5101713538169861,-237.33465576171875,-0.7204608917236328,0.0023729598615318537,237.36285400390625,-11.880785942077637,173.1482391357422,0.544602632522583
1490000,0.09740468859672546,-237.521728515625,-1.1116596460342407,0.002365565625950694,237.5496826171875,-11.816146850585938,49.136085510253906,0.5475315451622009
1495000,0.14330805838108063,-237.9755401611328,-0.7092629671096802,0.0023721824400126934,238.00372314453125,-11.882648468017578,110.36702728271484,0.28023913502693176
1500000,0.3294292092323303,-237.53097534179688,-1.3487507104873657,0.00225443416275084,237.5575408935547,-11.778703689575195,202.4187774658203,0.5224215388298035
1505000,0.26914459466934204,-237.31228637695312,4.28311824798584,0.0023318477906286716,237.34188842773438,-12.706644058227539,84.95745849609375,1.183090090751648
1510000,0.1799710988998413,-237.49615478515625,2.443042278289795,0.00232023186981678,237.52493286132812,-12.40273666381836,136.99996948242188,0.27847525477409363
1515000,0.08448692411184311,-236.82632446289062,1.312382459640503,0.00238795205950737,236.85546875,-12.217374801635742,56.41224670410156,0.3010912835597992
1520000,0.09029653668403625,-238.59103393554688,-6.497310161590576,0.002398681826889515,238.61724853515625,-10.923002243041992,73.53050231933594,0.4614892303943634
1525000,0.11114412546157837,-238.1341094970703,-2.2374684810638428,0.0024405240546911955,238.16250610351562,-11.628050804138184,62.46696853637695,1.1147491931915283
1530000,0.06307490170001984,-237.68768310546875,-0.40195125341415405,0.0023795929737389088,237.716064453125,-11.933460235595703,41.96144485473633,0.13636501133441925
1535000,0.06915008276700974,-237.25381469726562,-0.5030403137207031,0.00233708624728024,237.28167724609375,-11.916971206665039,6.765279293060303,0.5069125890731812
1540000,0.10589670389890671,-237.09237670898438,5.587363243103027,0.00225062551908195,237.12144470214844,-12.916488647460938,72.927490234375,0.42306309938430786
1545000,0.11899742484092712,-236.96925354003906,2.173231601715088,0.0022985744290053844,236.99766540527344,-12.357704162597656,86.15867614746094,0.5325196385383606
1550000,0.5598049759864807,-236.42433166503906,5.730506896972656,0.0023497275542467833,236.45474243164062,-12.946653366088867,57.610015869140625,1.255563735961914
1555000,0.12655849754810333,-236.6693115234375,5.200852870941162,0.002408809494227171,236.70028686523438,-12.862698554992676,100.84368896484375,0.18244001269340515
1560000,0.11096368730068207,-238.13522338867188,0.014801621437072754,0.00243215705268085,238.1644287109375,-12.002458572387695,66.69202423095703,0.4772239923477173
1565000,0.19367331266403198,-236.49667358398438,5.567548751831055,0.002361927181482315,236.5271759033203,-12.920511245727539,91.47872161865234,0.40566083788871765
1570000,0.0716719776391983,-237.205078125,-1.264745831489563,0.002410668646916747,237.23348999023438,-11.790183067321777,38.51631546020508,0.2466646134853363
1575000,0.0788094773888588,-237.0687255859375,-2.4115097522735596,0.0024886566679924726,237.09759521484375,-11.597808837890625,49.132450103759766,0.40029436349868774
1580000,0.07677202671766281,-237.7017822265625,2.798586845397949,0.002474730834364891,237.73263549804688,-12.466289520263672,56.182193756103516,0.36981669068336487
1585000,0.1396988034248352,-238.43505859375,-0.9521098136901855,0.0024680618662387133,238.46429443359375,-11.841428756713867,104.73076629638672,0.23270055651664734
1590000,0.08429466187953949,-238.48275756835938,-11.185304641723633,0.00248141516931355,238.50791931152344,-10.135332107543945,29.42034339904785,0.29297515749931335
1595000,0.23723837733268738,-238.19065856933594,3.4739749431610107,0.0025080700870603323,238.22219848632812,-12.580137252807617,53.23991394042969,0.5606880784034729
1600000,0.18023622035980225,-236.35806274414062,6.194780349731445,0.002551496960222721,236.39132690429688,-13.037473678588867,137.9226531982422,0.3527234196662903
1605000,0.10229374468326569,-237.6541748046875,6.578980922698975,0.002521992428228259,237.68719482421875,-13.099630355834961,84.33306884765625,0.21166500449180603
1610000,0.14300960302352905,-237.86721801757812,-0.7444136142730713,0.0026364887598901987,237.89852905273438,-11.87463665008545,50.90016555786133,0.5425485372543335
1615000,0.23520798981189728,-238.26890563964844,2.416748285293579,0.002577552106231451,238.30087280273438,-12.405433654785156,34.0976448059082,0.5172775983810425
1620000,0.17361459136009216,-237.6743927001953,-1.8465795516967773,0.00266500492580235,237.70553588867188,-11.688474655151367,135.29078674316406,0.15870337188243866
1625000,0.16743621230125427,-236.59417724609375,1.8887357711791992,0.0025600886438041925,236.62570190429688,-12.316488265991211,84.56973266601562,0.523059606552124
1630000,0.09988407045602798,-237.81393432617188,4.5538811683654785,0.0026739025488495827,237.84808349609375,-12.7686767578125,70.79944610595703,0.42220669984817505
1635000,0.10289423167705536,-238.55055236816406,3.9213905334472656,0.002638945123180747,238.58395385742188,-12.660442352294922,71.95751190185547,0.16516658663749695
1640000,0.15195849537849426,-237.37742614746094,2.667357921600342,0.002653007861226797,237.4104461669922,-12.449650764465332,114.52693176269531,0.34735506772994995
1645000,0.1316521018743515,-237.74313354492188,2.5731148719787598,0.0025601594243198633,237.77496337890625,-12.431173324584961,31.335979461669922,0.3495643138885498
1650000,0.09469756484031677,-238.10638427734375,-3.8431129455566406,0.0026257855352014303,238.1361846923828,-11.35328197479248,80.18444061279297,0.17291559278964996
1655000,0.11134721338748932,-237.41070556640625,1.8644912242889404,0.002546060597524047,237.44204711914062,-12.312140464782715,87.46835327148438,0.32300060987472534
1660000,0.09632231295108795,-237.60369873046875,0.5732024908065796,0.002571696415543556,237.6348114013672,-12.096120834350586,53.89499282836914,0.2023090124130249
1665000,0.24651509523391724,-238.01657104492188,-4.414985179901123,0.002633787225931883,238.04620361328125,-11.25663948059082,90.67630767822266,1.3135204315185547
1670000,0.08652353286743164,-237.00128173828125,-1.3599205017089844,0.0026402417570352554,237.0323486328125,-11.7709379196167,43.24226760864258,0.6779578328132629
1675000,0.10197961330413818,-236.80374145507812,4.298283576965332,0.0026249943766742945,236.83712768554688,-12.723287582397461,76.81050109863281,0.15188007056713104
1680000,0.15917490422725677,-238.08380126953125,-9.677308082580566,0.0026890041772276163,238.11166381835938,-10.364891052246094,101.85321044921875,0.3972552716732025
1685000,0.059543438255786896,-238.011474609375,-7.498364448547363,0.0025801174342632294,238.0391845703125,-10.741827964782715,33.01752471923828,0.21388868987560272
1690000,0.0949888676404953,-236.98748779296875,2.4940743446350098,0.002629154361784458,237.02012634277344,-12.4197998046875,46.221710205078125,0.27810144424438477
1695000,0.08191560953855515,-235.68963623046875,0.6601783037185669,0.0026356203015893698,235.7215576171875,-12.111166000366211,61.74226760864258,0.19835223257541656
1700000,0.12813252210617065,-236.94140625,2.3536806106567383,0.002709437860175967,236.9749755859375,-12.398173332214355,108.35670471191406,0.2793136239051819
1705000,0.09178805351257324,-236.32546997070312,2.4835643768310547,0.0026501454412937164,236.35838317871094,-12.418586730957031,75.15340423583984,0.47451481223106384
1710000,0.32027918100357056,-235.88372802734375,-3.7904505729675293,0.0027344070840626955,235.91477966308594,-11.357754707336426,156.77879333496094,0.5720007419586182
1715000,0.07003508508205414,-237.1957550048828,-2.41802978515625,0.002622622065246105,237.22616577148438,-11.59316635131836,46.74404525756836,0.5795424580574036
1720000,0.16296790540218353,-236.485595703125,-5.40733003616333,0.002659822814166546,236.5150909423828,-11.088050842285156,127.54313659667969,0.30265524983406067
1725000,0.22855804860591888,-236.658447265625,-3.974419116973877,0.0026718773879110813,236.688720703125,-11.329203605651855,163.0518035888672,0.1792072355747223
1730000,0.1986224502325058,-237.28823852539062,-4.777035713195801,0.0026672144886106253,237.318115234375,-11.19396686553955,148.57090759277344,0.4392339289188385
1735000,0.10611729323863983,-236.1947479248047,0.5730358362197876,0.002633056603372097,236.22659301757812,-12.096477508544922,87.97586822509766,0.2793945372104645
1740000,0.10622090101242065,-237.1309051513672,-5.183376789093018,0.002765993122011423,237.16165161132812,-11.120022773742676,87.83060455322266,0.1757982075214386
1745000,0.1045626625418663,-235.57350158691406,-1.9414764642715454,0.002770578721538186,235.6058349609375,-11.670307159423828,89.14923095703125,0.6184991002082825
1750000,0.1892608106136322,-236.15377807617188,3.4119105339050293,0.0027172123081982136,236.18795776367188,-12.577486038208008,139.30535888671875,0.3542402386665344
1755000,0.3070032298564911,-237.0999298095703,0.6307575702667236,0.002769945887848735,237.1334686279297,-12.107109069824219,192.1299591064453,0.3647167682647705
1760000,0.088265061378479,-236.5013427734375,-0.7756893634796143,0.002765777986496687,236.53416442871094,-11.86831283569336,58.28254699707031,0.3721075654029846
1765000,0.10996599495410919,-236.99981689453125,-5.99161434173584,0.0027932554949074984,237.03050231933594,-10.981072425842285,49.42853927612305,0.2616664469242096
1770000,0.11287796497344971,-236.92831420898438,1.1202661991119385,0.002889008726924658,236.96353149414062,-12.19160270690918,91.84039306640625,0.18236170709133148
1775000,0.12593138217926025,-236.10781860351562,2.895968437194824,0.002837972017005086,236.1432647705078,-12.493796348571777,99.66262817382812,0.16321296989917755
1780000,0.3144291937351227,-235.7874298095703,3.2421913146972656,0.0029032202437520027,235.82388305664062,-12.554980278015137,176.106689453125,0.21046392619609833
1785000,0.07392813265323639,-236.21990966796875,-5.5737080574035645,0.0028833344113081694,236.25177001953125,-11.047027587890625,18.252635955810547,0.6841425895690918
1790000,0.11227542161941528,-237.41427612304688,0.05590561032295227,0.002916485071182251,237.44931030273438,-12.009576797485352,76.13578796386719,0.6571512818336487
1795000,0.13771605491638184,-236.50343322753906,3.10537052154541,0.002995745511725545,236.54098510742188,-12.534433364868164,50.84067153930664,0.4836353659629822
1800000,0.07950611412525177,-235.45831298828125,2.2313590049743652,0.0028913046699017286,235.49411010742188,-12.381682395935059,66.13947296142578,0.4059482216835022
1805000,0.08186805248260498,-235.70840454101562,0.4993089437484741,0.0029004516545683146,235.7434539794922,-12.085454940795898,55.46065902709961,0.4632044732570648
1810000,0.08474775403738022,-237.4176025390625,-0.744794487953186,0.0028611840680241585,237.4515838623047,-11.872825622558594,61.22051239013672,0.24290870130062103
1815000,0.2661922574043274,-236.00888061523438,-4.67898416519165,0.0028717087116092443,236.0410614013672,-11.200536727905273,163.7771759033203,0.1949094831943512
1820000,0.08537397533655167,-236.59561157226562,3.097163677215576,0.0028352343942970037,236.63113403320312,-12.528011322021484,14.658401489257812,0.29760199785232544
1825000,0.2605287730693817,-237.04617309570312,1.1294639110565186,0.0028197660576552153,237.08055114746094,-12.19237232208252,178.62811279296875,0.23635776340961456
1830000,0.11902934312820435,-237.71824645996094,-2.3011913299560547,0.0027116623241454363,237.74974060058594,-11.61064338684082,50.27765655517578,0.5078756213188171
1835000,0.22155672311782837,-237.96531677246094,-7.081806182861328,0.002687492873519659,237.99435424804688,-10.803582191467285,143.81361389160156,0.30471551418304443
1840000,0.158806711435318,-236.13479614257812,0.9728832840919495,0.0026462357491254807,236.16697692871094,-12.163935661315918,129.5465850830078,0.1191030964255333
1845000,0.09644605964422226,-237.993896484375,-3.2595927715301514,0.0026781924534589052,238.02456665039062,-11.449628829956055,56.16313934326172,0.2598969340324402
1850000,0.1271211802959442,-237.23785400390625,-0.9209702014923096,0.0027155219577252865,237.27000427246094,-11.844133377075195,24.48673439025879,0.2876655161380768
1855000,0.07429040223360062,-236.27342224121094,10.75730037689209,0.002647915855050087,236.30999755859375,-13.812822341918945,54.540557861328125,0.15377159416675568
1860000,0.10226188600063324,-237.23007202148438,-0.891628623008728,0.002676811069250107,237.26177978515625,-11.849468231201172,68.2389144897461,0.2690688371658325
1865000,0.10670242458581924,-237.64329528808594,-2.8302001953125,0.0027258642949163914,237.67471313476562,-11.520695686340332,43.70695877075195,0.5738636255264282
1870000,0.0791473463177681,-237.29205322265625,-0.9208543300628662,0.002740417839959264,237.32449340820312,-11.843913078308105,55.13589859008789,0.22866344451904297
1875000,0.14894089102745056,-237.38693237304688,1.9816970825195312,0.0028831269592046738,237.42251586914062,-12.338813781738281,111.4150390625,0.29860082268714905
1880000,0.08101615309715271,-239.35775756835938,-4.376796722412109,0.0029149737674742937,239.39053344726562,-11.250293731689453,15.997001647949219,0.1988416612148285
1885000,0.13702188432216644,-238.27777099609375,8.817004203796387,0.002938058925792575,238.31747436523438,-13.512320518493652,71.59725189208984,0.4783240854740143
1890000,0.17188824713230133,-238.09228515625,-1.1726175546646118,0.003020400647073984,238.1279296875,-11.79789924621582,114.32652282714844,0.26185452938079834
1895000,0.16036789119243622,-237.73309326171875,-0.5325983762741089,0.00299912435002625,237.76881408691406,-11.90832233428955,121.35968017578125,0.26176711916923523
1900000,0.21813151240348816,-237.39065551757812,-1.625657558441162,0.002933077048510313,237.425048828125,-11.721226692199707,93.34014129638672,0.30770474672317505
1905000,0.1069217175245285,-239.07275390625,1.6734917163848877,0.0029266660567373037,239.10873413085938,-12.286861419677734,81.11058044433594,0.2669996917247772
1910000,0.07947325706481934,-239.07635498046875,1.5691392421722412,0.0028708132449537516,239.111572265625,-12.268087387084961,41.039005279541016,0.35163870453834534
1915000,0.09925037622451782,-240.22335815429688,-0.07242116332054138,0.00281233387067914,240.257080078125,-11.9876708984375,81.03508758544922,0.37825167179107666
1920000,0.14508649706840515,-239.11302185058594,3.646723508834839,0.00280157383531332,239.14837646484375,-12.620444297790527,111.6438980102539,0.3000452518463135
1925000,0.11165366321802139,-239.09994506835938,-0.6799503564834595,0.0027205804362893105,239.13229370117188,-11.884885787963867,75.11852264404297,0.23971284925937653
1930000,0.09236796945333481,-239.48350524902344,-4.198958396911621,0.002747064223513007,239.5145263671875,-11.28796100616455,80.64900970458984,0.24467898905277252
1935000,0.20506711304187775,-238.31288146972656,-3.197420597076416,0.0026528737507760525,238.34329223632812,-11.460976600646973,51.308895111083984,0.45490291714668274
1940000,0.09268489480018616,-239.33453369140625,2.37549090385437,0.0027328322175890207,239.368408203125,-12.402450561523438,74.27336120605469,0.2740304172039032
1945000,0.0930592343211174,-239.93731689453125,-0.47652822732925415,0.0026783011853694916,239.96923828125,-11.919540405273438,81.25509643554688,0.34070613980293274
1950000,0.08017456531524658,-239.24722290039062,3.201775074005127,0.0027011949568986893,239.28109741210938,-12.541377067565918,53.814876556396484,0.21044468879699707
1955000,0.1220371425151825,-239.00900268554688,2.5780930519104004,0.002647957531735301,239.04193115234375,-12.434455871582031,101.9150161743164,0.27819347381591797
1960000,0.18334925174713135,-240.79837036132812,-6.382858753204346,0.0027122467290610075,240.8280029296875,-10.919965744018555,133.02980041503906,0.4698830544948578
1965000,0.07676741480827332,-240.17800903320312,4.124799728393555,0.00264065433293581,240.21153259277344,-12.694781303405762,57.223968505859375,0.12718452513217926
1970000,0.253812313079834,-239.65733337402344,-5.5259246826171875,0.002725281985476613,239.6875,-11.064223289489746,169.89089965820312,0.2715338170528412
1975000,0.06557527184486389,-239.21397399902344,-2.5169320106506348,0.002605986315757036,239.244140625,-11.576980590820312,42.82236099243164,0.2233894020318985
1980000,0.07403011620044708,-240.08462524414062,3.4578731060028076,0.00264162290841341,240.11785888671875,-12.582473754882812,51.917022705078125,0.18642397224903107
1985000,0.22585976123809814,-237.66049194335938,4.832978248596191,0.002756895497441292,237.69583129882812,-12.820026397705078,158.33168029785156,0.21138186752796173
1990000,0.09700444340705872,-239.49935913085938,-0.6395702362060547,0.002858293242752552,239.53335571289062,-11.890812873840332,72.12383270263672,0.23719464242458344
1995000,0.13264881074428558,-239.80307006835938,-2.0245230197906494,0.0029702025931328535,239.83767700195312,-11.652090072631836,94.01902770996094,0.7538899779319763
2000000,0.08238095045089722,-239.97010803222656,0.415521502494812,0.002939300611615181,240.00559997558594,-12.071279525756836,48.25017547607422,0.49716916680336
